Player,Pos,Ht,PTS,AST,TRB,STL,BLK,eFG%,FT%,TOV,PF,ChrissyMetric
Nikola Jokic,C-F,6-11,11.386154980085301,9.927930805903392,7.794155975528716,2.1834838398539205,0.7850271495021863,2.0803622984886267,0.9246743979312861,-2.0870403612011765,-1.2776060824930293,31.717143003599226
Giannis Antetokounmpo,F-G,6-11,12.720721136545901,5.697195664848721,8.043773377846744,1.7478162080213235,2.6210943315791235,2.0069870261403504,-0.8887813788140867,-2.453052963096526,-1.452545136376171,28.043208266695377
Russell Westbrook,G,6-4,8.088991534712067,15.92147225573084,8.66781688364182,2.619151471686517,-0.3166131597439758,-2.615655131801049,-1.176159616658982,-4.161111771941493,-1.6274841902593138,25.40040827536643
Stephen Curry,G,6-2,15.782372907249618,5.520915033971442,1.1792948141009278,1.7478162080213235,-1.4182534689901383,2.190425207011041,1.4003349295366303,-2.453052963096526,0.12190634857211112,24.071759016376433
Luka Doncic,G-F,6-7,12.406705570319875,10.456772698535223,4.299512343076299,0.8764809443561301,0.050600276671411565,0.1726052174334484,-0.44284963043407755,-3.5510907687825766,-0.5778498669604587,23.69088678421527
Jimmy Butler,F-G,6-7,7.539464293816528,7.812563235376055,2.9266166303271364,5.668824894514696,-0.6838265961593634,-1.1481496848355242,0.8751264258890628,-0.8669983548833425,0.9966016179878235,23.120222462033073
Joel Embiid,C,7-0,13.034736702771921,0.23249610765310247,7.544538573210685,0.8764809443561301,3.3555212044098983,-0.010832963437242223,0.8354880482552841,-2.0870403612011765,-0.7527889208436013,23.028599335175002
Kawhi Leonard,F,6-7,10.130092715181213,4.463231248707775,2.4273818256910764,3.4904867353517117,-0.3166131597439758,0.8329826685679306,1.0931375028748456,-0.7449941542515591,0.6467235102215383,22.022428892600555
Damian Lillard,G,6-2,13.270248377441439,8.517685758885166,-0.443218300966265,0.4408133125235333,-0.6838265961593634,0.3193557621300009,1.5192500624379663,-1.965036160569393,0.8216625641046809,21.796934779827765
Kyrie Irving,G,6-2,11.778674437867831,5.8734762957259985,0.30563390598782364,2.619151471686517,0.7850271495021863,1.1264837579610356,1.4597924959872983,-1.2330109567786924,-1.1026670286098865,21.61256152933011
Nikola Vucevic,C,6-10,9.031038233390134,1.9953024164258824,8.917434285959848,0.4408133125235333,0.7850271495021863,-0.19427114430793285,0.6472057544948353,-0.5009857529879924,-0.05303270531103152,21.06853154968946
Domantas Sabonis,C-F,6-10,6.59741759513846,7.1074407118669445,9.291860389436893,1.7478162080213235,0.050600276671411565,0.6862321238713781,-0.42303044161718817,-2.453052963096526,-2.3272404057918834,20.278043494500814
Rudy Gobert,C,7-1,1.8871841017481241,-2.411713355506067,11.163990906822116,-0.8661895829742574,8.129295877809938,4.7585597392007095,-1.5031762321376563,-0.3789815523562089,-0.5778498669604587,20.20112003564624
Karl-Anthony Towns,C-F,7-0,10.130092715181213,3.2292668325668283,7.544538573210685,0.005145680690936561,2.2538808951637366,0.356043398304139,0.8354880482552841,-2.2090445618329597,-3.026996621324454,19.11841496021541
Jayson Tatum,F,6-8,11.386154980085301,2.876705570812272,3.5506601361222105,1.7478162080213235,0.050600276671411565,-0.5611475060493141,0.9246743979312861,-1.5990235586740429,0.12190634857211112,18.498346853492556
Bam Adebayo,C-F,6-9,5.34135533023437,4.815792510462331,5.547599354666448,1.7478162080213235,1.8866674587483487,0.943045577090345,0.24091238374860485,-1.4770193580422595,-0.5778498669604587,18.468319597969053
Bradley Beal,G,6-4,15.232845666354077,3.052986201689551,0.18082520482880926,1.7478162080213235,-0.3166131597439758,-0.48777223370103784,1.1327758805086243,-2.0870403612011765,-0.5778498669604587,17.87797353979574
Zion Williamson,F-C,6-6,11.857178329424336,1.8190217855486048,3.301042733804181,0.4408133125235333,0.41781371308679893,2.5939892049265607,-0.759956651504307,-1.5990235586740429,-0.4029108130773168,17.667968056058353
Julius Randle,F-C,6-8,9.580565474285676,5.8734762957259985,7.045303768574625,0.4408133125235333,-0.6838265961593634,-1.0747744124872478,0.3598275166499409,-2.453052963096526,-2.1523013519087417,16.936031044107892
Trae Young,G,6-1,10.522612172963742,11.867017745553449,-0.8176444044433099,0.005145680690936561,-1.0510400325747509,-1.6984642274475958,1.1030470972832902,-3.3070823675190097,0.29684540245525337,16.92043706696201
Chris Paul,G,6-0,3.5357658244347405,10.98561459116706,-0.06879219748922066,2.619151471686517,-0.6838265961593634,0.4294186706524153,1.5787076288886344,-0.9890025555151261,-0.7527889208436013,16.654247916822055
Clint Capela,C,6-10,2.5937191257566736,-3.2931165098924566,12.162460516094235,-0.4305219511416607,5.558801822902224,1.7868612090955218,-1.99865595255989,0.23103945080270796,-0.5778498669604587,16.0327378440969
Zach LaVine,G-F,6-5,12.171193895650358,3.934389356075941,0.5552513083058537,0.005145680690936561,0.050600276671411565,1.8602364814437982,0.7363921041708373,-2.5750571637283097,-0.7527889208436013,15.985363018437221
De'Aaron Fox,G,6-3,10.444108281407235,7.988843866253336,-1.3168792090793693,3.0548191035191143,0.050600276671411565,-0.8179609592682809,-0.551855168926969,-1.965036160569393,-1.6274841902593138,15.25915583974777
Paul George,F-G,6-8,8.95253434183363,4.463231248707775,2.552190526850091,1.3121485761887273,-0.3166131597439758,0.4294186706524153,0.9246743979312861,-2.331048762464743,-0.7527889208436013,15.233746919111601
Jrue Holiday,G,6-4,4.556316414669314,6.049756926603275,-0.06879219748922066,3.4904867353517117,0.41781371308679893,0.9063579409162068,0.12199725084726878,-0.9890025555151261,0.471784456338396,14.956718684808624
Fred VanVleet,G,6-0,6.047890354242922,6.402318188357832,-0.443218300966265,3.9261543671843078,0.7850271495021863,-2.065340589188977,1.0931375028748456,-0.5009857529879924,-0.5778498669604587,14.667133052058402
Donovan Mitchell,G,6-3,11.386154980085301,4.463231248707775,-0.19360089864823507,0.8764809443561301,-0.6838265961593634,-0.9280238677906953,0.6967537265370587,-1.7210277593058259,-0.4029108130773168,13.493230964704827
Jonas Valanciunas,C,6-11,4.085293065330282,-1.530310201119677,9.915903895231967,-0.8661895829742574,1.5194540223329616,2.2271128431851794,-0.016737070870956626,-0.2569773517244257,-1.6274841902593138,13.450065429131758
Tobias Harris,F,6-8,5.9693864626864155,1.4664605237940487,2.8018079291681204,0.4408133125235333,1.152240585917574,0.3927310344782772,1.1625046637339582,-0.3789815523562089,0.12190634857211112,13.128869308517828
Malcolm Brogdon,G,6-4,7.303952619147011,5.697195664848721,0.9296774117828979,0.4408133125235333,-0.6838265961593634,-0.6712104145717285,0.8850360202975074,-0.8669983548833425,-0.05303270531103152,12.981606957674204
Brandon Ingram,F,6-8,9.345053799616158,3.934389356075941,0.43044260714683913,-0.4305219511416607,0.41781371308679893,-0.524459869875176,1.023770342015733,-1.355015157410476,-0.05303270531103152,12.788440134203128
DeMar DeRozan,G-F,6-6,7.617968185373034,7.4600019736215,-0.443218300966265,0.4408133125235333,-1.0510400325747509,-1.4783384104027673,1.0435895308326222,-0.7449941542515591,-0.22797175919417417,12.616810344961173
Jaylen Brown,F-G,6-6,10.051588823624707,1.2901798929167705,1.8033383198960022,1.7478162080213235,0.41781371308679893,0.4661063068265534,-0.10592342054695868,-1.5990235586740429,-1.6274841902593138,12.444412094891842
Khris Middleton,F-G,6-7,6.675921486694964,4.815792510462331,1.8033383198960022,1.3121485761887273,-1.4182534689901383,0.025854672736895904,1.2219622301846262,-1.4770193580422595,-0.7527889208436013,12.206956048287548
Jamal Murray,G,6-4,7.303952619147011,3.758108725198662,-0.6928357032842949,2.1834838398539205,-0.6838265961593634,0.5027939430006915,0.9345839923397308,-1.111006756146909,-0.05303270531103152,12.142221358638416
Ben Simmons,G-F,6-10,1.8871841017481241,7.4600019736215,3.301042733804181,3.4904867353517117,0.41781371308679893,0.5394815791748296,-1.602272176222103,-1.965036160569393,-1.6274841902593138,11.901218309736336
Pascal Siakam,F-C,6-8,7.460960402260021,3.2292668325668283,3.301042733804181,1.3121485761887273,0.7850271495021863,-1.9185900444924247,0.5183810271850545,-1.111006756146909,-1.977362298025599,11.599867622842067
Terry Rozier,G,6-1,6.675921486694964,2.700424939934995,-0.19360089864823507,2.1834838398539205,-0.3166131597439758,0.09922994508517215,0.41928508310060786,-0.6229899536197756,0.471784456338396,11.416925738996069
Michael Porter Jr.,F,6-10,5.576867004903887,-2.764274617260623,3.425851434963195,-0.4305219511416607,1.5194540223329616,3.694618290150704,0.16163562848104746,0.10903525017092448,-0.22797175919417417,11.064693303406262
Jarrett Allen,C-F,6-11,0.7096257284005398,-1.7065908319969552,6.7956863662565965,-1.3018572148068541,3.3555212044098983,2.8874902943196656,-0.7104086794620836,-0.2569773517244257,0.8216625641046809,10.594152079501061
Deandre Ayton,C,7-0,1.9656879933046296,-2.2354327246287893,7.41972987205167,-0.8661895829742574,2.6210943315791235,3.0709284751903563,-0.05637544850473532,-0.1349731510926422,-1.452545136376171,10.331924628549185
Lonzo Ball,G,6-6,2.12269577641764,5.344634403094164,0.30563390598782364,3.0548191035191143,0.41781371308679893,-0.3043340528303472,0.06253968439660075,-0.9890025555151261,0.12190634857211112,10.13670632672878
Dejounte Murray,G,6-5,2.986238583539202,4.815792510462331,3.1762340326451652,3.0548191035191143,-1.4182534689901383,-2.21209113388553,0.16163562848104746,-0.3789815523562089,-0.05303270531103152,10.132360998103954
Mike Conley,G,6-0,3.37875804132173,5.8734762957259985,-1.3168792090793693,2.619151471686517,-1.0510400325747509,0.24598048978172465,0.7661208873961713,-0.6229899536197756,0.12190634857211112,10.014484339210355
Draymond Green,F,6-6,-3.8435999818767863,10.98561459116706,3.1762340326451652,3.9261543671843078,1.152240585917574,-1.9552776806665628,0.20127400611482615,-1.965036160569393,-1.977362298025599,9.700241461890593
Devin Booker,G,6-6,10.758123847633259,2.876705570812272,-0.443218300966265,0.005145680690936561,-1.0510400325747509,-0.4510845975268997,0.9147648035228414,-2.0870403612011765,-1.2776060824930293,9.244750527897189
LaMelo Ball,G,6-7,2.986238583539202,6.049756926603275,1.6785296187369876,3.4904867353517117,-0.3166131597439758,-1.5150260465769054,-0.1653809869976267,-1.7210277593058259,-1.2776060824930293,9.209357829113813
Richaun Holmes,C-F,6-10,1.8086802101916175,-1.7065908319969552,4.673938446553344,-0.8661895829742574,4.089948077240674,3.401117200757599,0.1913644117063815,0.23103945080270796,-2.677118513558169,9.146188868722943
Ja Morant,G,6-2,5.655370896460394,8.34140512800789,-0.6928357032842949,0.4408133125235333,-1.0510400325747509,-2.1387158615372535,-0.46266881925096687,-2.2090445618329597,0.9966016179878235,8.879885976499416
Robert Williams,C-F,6-9,-3.0585610663117304,-1.530310201119677,2.9266166303271364,0.005145680690936561,4.824374950071449,6.44619100321106,-1.572543392996769,0.47504785206627465,-0.05303270531103152,8.462928750627649
Harrison Barnes,F,6-8,3.300254149765226,1.4664605237940487,2.552190526850091,-0.4305219511416607,-1.0510400325747509,1.0897961217868974,0.5481098104103885,-0.2569773517244257,1.1715406718709658,8.38981246903678
Mikal Bridges,F-G,6-6,1.2591529692960788,-1.001468308487843,-0.3184095998072506,1.3121485761887273,1.5194540223329616,3.58455538162829,0.6472057544948353,0.7190562533298414,0.6467235102215383,8.36841855919718
Tyrese Haliburton,G,6-5,0.8666335115135505,4.6395118795850525,-1.9409227148744435,2.1834838398539205,0.050600276671411565,0.8696703047420687,0.8156688594383947,-0.2569773517244257,0.9966016179878235,8.224270223193352
T.J. McConnell,G,6-1,-2.5875377169726965,6.931160080989666,-1.0672618067613393,4.797489630849501,-0.6838265961593634,1.0531084856127593,-0.8590525955887538,-0.7449941542515591,0.6467235102215383,7.485808837939753
Collin Sexton,G,6-3,9.737573257398687,3.052986201689551,-1.8161140137154286,0.8764809443561301,-1.0510400325747509,-0.9647115039648334,0.3994658942837185,-1.7210277593058259,-1.1026670286098865,7.41094595955736
Jerami Grant,F,6-7,8.167495426268573,0.23249610765310247,0.05601650366979375,-0.8661895829742574,2.2538808951637366,-1.991965316840701,0.6967537265370587,-0.7449941542515591,-0.5778498669604587,7.225643738265288
John Collins,F,6-9,4.47781252311281,-2.587993986383345,3.5506601361222105,-1.3018572148068541,1.8866674587483487,2.3738633878817317,0.5778385936357225,0.10903525017092448,-1.977362298025599,7.108663850455948
Kyle Anderson,F-G,6-9,0.3956101621745172,1.6427411546713266,1.4289122164189578,1.7478162080213235,1.152240585917574,-0.19427114430793285,0.0823588732134901,0.23103945080270796,0.471784456338396,6.95823196325036
Chris Boucher,F,6-9,1.337656860852584,-2.764274617260623,2.676999228009106,-0.8661895829742574,5.191588386486835,1.82354884526966,0.13190684525571345,0.7190562533298414,-1.452545136376171,6.797747082592688
Mason Plumlee,C-F,6-10,-1.174467668955595,1.6427411546713266,5.9220254581434935,0.005145680690936561,1.5194540223329616,2.5206139325782844,-1.0473348893492014,-0.6229899536197756,-2.3272404057918834,6.437947330700547
Enes Freedom,C,6-10,-0.5464365365035511,-2.587993986383345,8.043773377846744,-1.3018572148068541,0.7850271495021863,2.190425207011041,-0.006827476462511955,0.3530436514344912,-0.5778498669604587,6.3513043046777415
Andrew Wiggins,F-G,6-7,5.262851438677866,-0.47262641585600934,0.43044260714683913,0.4408133125235333,1.8866674587483487,-0.08420823578551848,-0.6014031409691922,-0.5009857529879924,-0.4029108130773168,5.958640458420558
Delon Wright,G,6-5,-1.3314754520686072,3.052986201689551,-0.3184095998072506,3.4904867353517117,0.050600276671411565,-0.7445856869200047,0.27064116697393886,0.10903525017092448,1.3464797257541083,5.925758617815784
Kelly Olynyk,C-F,6-11,1.2591529692960788,0.4087767385303806,3.0514253314861506,1.3121485761887273,0.41781371308679893,1.0531084856127593,0.5382002160019439,-0.5009857529879924,-1.8024232441424564,5.73721703307239
Darius Garland,G,6-1,4.320804739999796,6.049756926603275,-2.6897749218285325,1.7478162080213235,-1.4182534689901383,-1.0380867763131096,0.7264825097623927,-1.965036160569393,-0.05303270531103152,5.680676351374585
Joe Ingles,F-G,6-9,0.16009848750499978,3.5818280943213847,-1.1920705079203542,-0.4305219511416607,-1.0510400325747509,3.914744107195533,0.686844132128614,-0.3789815523562089,0.29684540245525337,5.58774617961281
Thaddeus Young,F,6-8,0.16009848750499978,2.876705570812272,2.052955722214032,1.3121485761887273,0.41781371308679893,0.8329826685679306,-1.453628260095433,-0.7449941542515591,-0.4029108130773168,5.051171510950453
Buddy Hield,G-F,6-4,3.692773607547754,1.6427411546713266,0.18082520482880926,0.4408133125235333,-0.3166131597439758,0.09922994508517215,0.7066633209455033,-0.5009857529879924,-0.927727974726744,5.017719658143387
Anthony Edwards,G-F,6-4,5.8123786795734045,0.4087767385303806,0.18082520482880926,1.3121485761887273,0.050600276671411565,-2.1020282253631155,0.01299171235437739,-0.9890025555151261,0.29684540245525337,4.983535809724123
Miles Bridges,G-F,6-7,0.6311218368440331,-0.8251876776105649,1.8033383198960022,-0.4305219511416607,1.152240585917574,1.8602364814437982,0.9147648035228414,-0.2569773517244257,-0.4029108130773168,4.4461042340702805
Marcus Smart,G,6-3,0.9451374030700559,5.344634403094164,-1.3168792090793693,3.0548191035191143,0.050600276671411565,-2.065340589188977,0.1517260340726028,-0.7449941542515591,-1.1026670286098865,4.317036239297558
Norman Powell,G,6-3,5.262851438677866,-1.3540295702423992,-1.8161140137154286,1.7478162080213235,-0.6838265961593634,0.9063579409162068,0.9544031811566202,-0.3789815523562089,-0.5778498669604587,4.060627169338158
Devonte' Graham,G,6-1,2.279703559530652,4.815792510462331,-2.3153488183514876,0.4408133125235333,-1.4182534689901383,-1.2949002295320766,0.6670249433117247,-0.1349731510926422,0.9966016179878235,4.036460275849719
Derrick Rose,G,6-3,2.2011996679741457,2.700424939934995,-2.4401575195105027,0.8764809443561301,-0.3166131597439758,-1.2582125933579384,0.9048552091143968,-0.2569773517244257,1.5214187796372507,3.932418916680076
Jakob Poeltl,C,7-0,-2.5875377169726965,-1.3540295702423992,4.174703641917285,-0.4305219511416607,4.824374950071449,2.5939892049265607,-2.6427795891087924,0.23103945080270796,-0.927727974726744,3.88151044552571
Jordan Clarkson,G,6-3,5.105843655564852,-0.2963457849787312,-0.6928357032842949,0.4408133125235333,-1.4182534689901383,-0.8546485954424191,1.202143041367737,-0.3789815523562089,0.6467235102215383,3.7544584146258684
P.J. Washington,F,6-7,0.7881296199570452,-0.2963457849787312,2.4273818256910764,1.3121485761887273,2.6210943315791235,-0.8546485954424191,-0.29420571430740744,-0.7449941542515591,-1.2776060824930293,3.6809540219428256
Montrezl Harrell,F-C,6-7,1.2591529692960788,-2.764274617260623,2.052955722214032,-0.4305219511416607,0.7850271495021863,2.8141150219713893,-0.670770301828305,0.3530436514344912,0.12190634857211112,3.5206339927597
DeAndre Jordan,C,6-11,-3.4510805240942584,-1.882871462874233,3.6754688372812248,-2.173192478472048,2.2538808951637366,7.987071722524861,-2.72205634437635,-0.1349731510926422,-0.05303270531103152,3.499214788749258
Dennis Schroder,G,6-1,2.7507269088696855,5.520915033971442,-1.3168792090793693,1.3121485761887273,-1.0510400325747509,-2.2487787700596678,0.7264825097623927,-1.5990235586740429,-1.1026670286098865,2.991884429794533
Kendrick Nunn,G,6-2,2.12269577641764,-0.12006515410145305,-1.6913053125564135,0.4408133125235333,-0.6838265961593634,1.1998590303093117,1.5687980344801897,-0.012968950460858731,0.12190634857211112,2.945906489024697
Tyler Herro,G,6-5,2.515215234200168,1.2901798929167705,0.5552513083058537,-0.8661895829742574,-0.6838265961593634,-1.0747744124872478,0.28055076138238355,-0.6229899536197756,1.1715406718709658,2.5649573234354968
Robert Covington,F-C,6-7,-2.666041608529202,-1.7065908319969552,2.676999228009106,2.619151471686517,2.6210943315791235,-0.4510845975268997,0.31027954460771756,0.5970520526980581,-1.452545136376171,2.5483144541512943
Brook Lopez,C,7-1,0.3171062706180119,-3.469397140769735,0.5552513083058537,-0.8661895829742574,3.722734640825286,1.1631713941351738,0.6967537265370587,0.5970520526980581,-0.22797175919417417,2.488510910181276
Joe Harris,G,6-6,1.7301763186351122,-1.3540295702423992,-1.1920705079203542,-0.4305219511416607,-1.0510400325747509,3.9881193795438095,0.03281090117126673,0.5970520526980581,-0.05303270531103152,2.2674638848580497
Nerlens Noel,C-F,6-10,-5.3351739214503935,-3.469397140769735,2.302573124532062,1.3121485761887273,6.293228695732999,2.5206139325782844,-0.6014031409691922,0.47504785206627465,-1.452545136376171,2.0450928415328558
Bobby Portis,F,6-10,-0.38942875339053895,-2.764274617260623,3.1762340326451652,0.005145680690936561,-0.3166131597439758,1.4566724835282787,-0.3437536863496308,0.7190562533298414,0.471784456338396,2.014822689787849
RJ Barrett,G-F,6-6,4.47781252311281,0.5850573694076587,1.553720917577972,-0.4305219511416607,-0.6838265961593634,-1.6984642274475958,-0.28429611989896275,-0.6229899536197756,-1.1026670286098865,1.793824933221196
Nicolas Batum,F-G,6-8,-2.9800571747552245,-0.8251876776105649,0.18082520482880926,0.8764809443561301,0.41781371308679893,1.8969241176179361,0.5282906215934993,0.7190562533298414,0.8216625641046809,1.6358085665519067
Kelly Oubre Jr.,F,6-7,2.7507269088696855,-2.411713355506067,1.8033383198960022,0.8764809443561301,1.152240585917574,-1.6250889550993197,-0.789685434729641,0.10903525017092448,-0.4029108130773168,1.4624234507979716
Steven Adams,C,6-11,-3.3725766325377533,-1.3540295702423992,5.422790653507433,0.4408133125235333,0.7850271495021863,2.5206139325782844,-3.276993631249251,0.10903525017092448,0.12190634857211112,1.396586812825069
Coby White,G,6-5,2.515215234200168,3.758108725198662,-0.5680270021252806,-0.8661895829742574,-1.0510400325747509,-1.441650774228629,1.2516910134099604,-1.111006756146909,-1.1026670286098865,1.3844337961490767
Brandon Clarke,F,6-8,-1.2529715605121006,-1.882871462874233,1.3041035152599423,0.8764809443561301,1.5194540223329616,-0.3043340528303472,-0.8392334067718644,0.9630646545934082,0.9966016179878235,1.3802942715417208
Ivica Zubac,C,7-0,-2.273522150746674,-2.411713355506067,3.301042733804181,-2.173192478472048,1.5194540223329616,3.9881193795438095,0.14181643966415813,0.3530436514344912,-1.1026670286098865,1.3423812134449256
Ricky Rubio,G,6-2,-2.5875377169726965,6.578598819235111,-1.5664966113973993,2.619151471686517,-1.4182534689901383,-3.3494078552838094,0.9147648035228414,-0.2569773517244257,-0.05303270531103152,0.8808093847649691
Lauri Markkanen,F-C,7-0,1.337656860852584,-3.116835879015179,0.9296774117828979,-1.3018572148068541,-0.6838265961593634,1.7868612090955218,0.5084714327766099,0.47504785206627465,0.8216625641046809,0.7568576406971729
Aaron Gordon,F,6-8,0.3956101621745172,0.9376186311622149,1.4289122164189578,-0.4305219511416607,0.7850271495021863,-0.8546485954424191,-1.2257075887012054,-0.6229899536197756,0.29684540245525337,0.7101454728080694
Donte DiVincenzo,G,6-4,-1.174467668955595,0.7613380002849368,1.553720917577972,1.3121485761887273,-1.0510400325747509,-0.6345227783975903,-0.5617647633354136,-0.012968950460858731,0.471784456338396,0.6642277566658236
Danny Green,G-F,6-6,-1.8810026929641461,-1.7065908319969552,-0.9424531056023249,2.1834838398539205,1.152240585917574,1.016420849438621,0.0030821179459327172,0.47504785206627465,0.29684540245525337,0.5970740171141503
Bogdan Bogdanovic,G,6-5,4.006789173773775,-1.3540295702423992,-0.8176444044433099,-0.8661895829742574,-1.4182534689901383,-0.3410216890044853,1.0336799364241775,-0.5009857529879924,0.6467235102215383,0.38906815177690857
Wendell Carter Jr.,C,6-10,-0.5464365365035511,-1.3540295702423992,4.549129745394328,-0.8661895829742574,1.152240585917574,-0.9280238677906953,-0.42303044161718817,-0.012968950460858731,-1.2776060824930293,0.29308529922992244
Jalen Brunson,G,6-2,0.5526179452875278,1.4664605237940487,-1.4416879102383842,-1.3018572148068541,-1.7854669054055257,1.566735392050693,0.20127400611482615,0.23103945080270796,0.6467235102215383,0.13583879782057806
Tim Hardaway Jr.,G,6-5,3.692773607547754,-1.530310201119677,-1.5664966113973993,-1.737524846639451,-1.0510400325747509,0.5394815791748296,0.40937548869216317,0.5970520526980581,0.6467235102215383,3.454660306534407e-05
Kevin Huerter,G,6-7,0.003090704391989102,1.4664605237940487,-1.5664966113973993,1.7478162080213235,-0.6838265961593634,-0.6345227783975903,0.06253968439660075,0.3530436514344912,-0.7527889208436013,-0.004684134759501135
Royce O'Neale,F,6-4,-3.8435999818767863,-0.2963457849787312,2.8018079291681204,0.005145680690936561,0.050600276671411565,1.273234302657588,0.7264825097623927,0.23103945080270796,-1.1026670286098865,-0.15430264571224717
Seth Curry,G,6-1,0.47411405373102256,0.05621547677582508,-2.6897749218285325,0.005145680690936561,-1.4182534689901383,1.3466095750058644,1.202143041367737,0.3530436514344912,0.471784456338396,-0.19897245547439785
Will Barton,G,6-5,0.6311218368440331,0.9376186311622149,-0.6928357032842949,0.4408133125235333,-0.3166131597439758,-1.404963138054491,0.10217806203037944,-0.3789815523562089,0.471784456338396,-0.2098772545404139
Dorian Finney-Smith,F,6-7,-1.6454910182946287,-1.7065908319969552,1.0544861129419134,0.4408133125235333,-0.3166131597439758,2.0069870261403504,-0.18520017581451606,0.7190562533298414,-0.5778498669604587,-0.21040234787489598
Jae'Sean Tate,F,6-4,-0.46793264494704434,-0.2963457849787312,0.9296774117828979,1.7478162080213235,0.050600276671411565,0.3193557621300009,-0.7995950291380857,-0.012968950460858731,-2.1523013519087417,-0.6816941028278278
Kyle Kuzma,F,6-9,0.7881296199570452,-1.3540295702423992,1.9281470210550165,-1.3018572148068541,0.41781371308679893,-0.4510845975268997,-0.8293238123634197,-0.3789815523562089,0.29684540245525337,-0.8843409907416677
Daniel Gafford,C-F,6-10,-3.8435999818767863,-3.8219584025242908,-0.3184095998072506,-1.3018572148068541,3.3555212044098983,5.088748464767953,-1.0671540781660906,0.7190562533298414,0.29684540245525337,-0.8928079522183268
Juan Toscano-Anderson,F,6-6,-4.86415057211136,0.23249610765310247,-0.19360089864823507,0.005145680690936561,0.050600276671411565,4.465058649807605,-0.641041518602971,0.23103945080270796,-0.22797175919417417,-0.9424245829309765
Duncan Robinson,G-F,6-7,0.9451374030700559,-1.530310201119677,-1.3168792090793693,-0.8661895829742574,-0.6838265961593634,2.5206139325782844,0.5183810271850545,0.3530436514344912,-0.927727974726744,-0.9877575497915252
De'Anthony Melton,G,6-2,-2.1950182591901686,-0.2963457849787312,-1.8161140137154286,1.7478162080213235,0.41781371308679893,0.09922994508517215,0.2904603557908282,0.10903525017092448,0.6467235102215383,-0.9963990755077428
Goran Dragic,G,6-4,1.1806490777395733,3.052986201689551,-1.4416879102383842,-0.4305219511416607,-1.0510400325747509,-1.1481496848355242,0.5282906215934993,-1.2330109567786924,-0.5778498669604587,-1.1203345015068469
Markieff Morris,F,6-9,1.1806490777395733,-2.940555248137901,-0.5680270021252806,-0.8661895829742574,-0.6838265961593634,1.7134859367472455,0.44901386632594187,0.47504785206627465,-0.22797175919417417,-1.4683734557119417
Alec Burks,G,6-6,0.6311218368440331,-0.8251876776105649,0.05601650366979375,-0.8661895829742574,-0.6838265961593634,-0.8546485954424191,0.8057592650299501,0.47504785206627465,-0.22797175919417417,-1.4898787537707272
Tomas Satoransky,G,6-7,-3.294072740981247,3.5818280943213847,-2.6897749218285325,-0.4305219511416607,-1.0510400325747509,1.1998590303093117,0.7264825097623927,-0.3789815523562089,0.8216625641046809,-1.5145590003846297
Justin Holiday,F,6-6,-1.0959637773990898,-1.7065908319969552,-1.1920705079203542,0.8764809443561301,0.41781371308679893,0.20929285360758654,0.13190684525571345,0.7190562533298414,0.12190634857211112,-1.5181681591082181
Darius Bazley,F,6-8,1.4161607524090893,-1.530310201119677,3.301042733804181,-1.3018572148068541,0.050600276671411565,-3.2760325829355335,-0.7203182738705284,-0.9890025555151261,1.5214187796372507,-1.5282982857257867
Daniel Theis,C,6-8,-1.8024988014076406,-1.7065908319969552,1.1792948141009278,-0.8661895829742574,1.5194540223329616,1.7501735729213836,-1.0076965117154226,0.47504785206627465,-1.1026670286098865,-1.561672495282615
Danilo Gallinari,F,6-10,1.102145186183068,-2.059152093751511,-0.5680270021252806,-0.8661895829742574,-1.0510400325747509,-0.12089587195965659,1.4895212792126324,0.7190562533298414,-0.22797175919417417,-1.582553623854089
Josh Richardson,G,6-5,0.16009848750499978,-0.12006515410145305,-1.5664966113973993,0.8764809443561301,-0.3166131597439758,-1.735151863621734,1.410244523945075,0.10903525017092448,-0.4029108130773168,-1.5853783959647498
Jae Crowder,F,6-6,-1.4099793436251127,-1.001468308487843,0.18082520482880926,0.005145680690936561,0.050600276671411565,0.356043398304139,-0.14556179818073736,0.5970520526980581,-0.22797175919417417,-1.5953145962945119
Keldon Johnson,G,6-5,0.7096257284005398,-1.530310201119677,1.8033383198960022,-0.8661895829742574,-0.6838265961593634,-0.8546485954424191,-0.3437536863496308,0.3530436514344912,-0.22797175919417417,-1.6406927215084885
Grayson Allen,G,6-4,-1.0174598858425845,-0.8251876776105649,-1.6913053125564135,0.4408133125235333,-1.0510400325747509,0.06254230891103403,0.9246743979312861,0.47504785206627465,0.9966016179878235,-1.6853134191643617
Gary Trent Jr.,G,6-5,2.6722230173131805,-2.2354327246287893,-2.4401575195105027,0.8764809443561301,-1.0510400325747509,-1.184837321009662,0.0823588732134901,0.8410604539616249,0.6467235102215383,-1.792620798657741
Isaiah Stewart,F-C,6-8,-3.137064957868235,-3.116835879015179,2.676999228009106,-0.8661895829742574,2.9883077679945114,1.1998590303093117,-0.7797758403211964,0.47504785206627465,-1.2776060824930293,-1.8372584642926932
Eric Bledsoe,G,6-1,0.2386023790615051,1.9953024164258824,-1.4416879102383842,0.005145680690936561,-0.6838265961593634,-1.5517136827510434,-0.8689621899971973,-0.2569773517244257,0.6467235102215383,-1.9173937444705518
Cameron Payne,G,6-3,-2.744545500085707,1.6427411546713266,-2.6897749218285325,-0.8661895829742574,-0.6838265961593634,1.1264837579610356,1.1724142581424029,0.47504785206627465,0.6467235102215383,-1.9209260679852822
Reggie Bullock,G-F,6-6,-0.781948211173067,-2.059152093751511,-1.4416879102383842,0.005145680690936561,-1.0510400325747509,1.5300477558765548,1.3309677686775176,0.8410604539616249,-0.4029108130773168,-2.029517401608396
Bruce Brown,G-F,6-4,-2.4305299338596846,-1.882871462874233,1.0544861129419134,0.4408133125235333,-0.3166131597439758,1.1264837579610356,-0.39330165839185416,0.7190562533298414,-0.4029108130773168,-2.0853875911907407
Saddiq Bey,F,6-7,0.2386023790615051,-2.2354327246287893,-0.06879219748922066,-0.4305219511416607,-1.0510400325747509,-0.5611475060493141,0.686844132128614,0.5970520526980581,0.6467235102215383,-2.177712337774021
Rui Hachimura,F,6-8,1.4946646439655962,-2.2354327246287893,1.1792948141009278,0.005145680690936561,-1.4182534689901383,-1.184837321009662,-0.04646585409629064,0.23103945080270796,-0.22797175919417417,-2.202816538358886
Doug McDermott,F,6-6,1.337656860852584,-2.411713355506067,-1.5664966113973993,-2.173192478472048,-1.4182534689901383,2.5939892049265607,0.40937548869216317,0.7190562533298414,0.29684540245525337,-2.2127327041092504
Dillon Brooks,F-G,6-6,4.163796956886786,-0.6489070467332875,-2.0657314160334583,1.7478162080213235,-0.3166131597439758,-2.358841678582082,0.3994658942837185,-0.5009857529879924,-2.677118513558169,-2.2571185084471366
Maxi Kleber,F,6-10,-3.7650960903202813,-2.2354327246287893,0.8048687106238835,-1.3018572148068541,0.7850271495021863,1.273234302657588,1.4300637127619644,0.9630646545934082,-0.22797175919417417,-2.274099258811069
Cody Zeller,C-F,6-11,-1.9595065845206514,-1.530310201119677,2.8018079291681204,-0.8661895829742574,-0.3166131597439758,0.7229197600455162,-0.6014031409691922,0.3530436514344912,-0.927727974726744,-2.32397930340637
Jeff Green,F,6-8,-0.7034443196165617,-1.882871462874233,-0.8176444044433099,-1.3018572148068541,-0.3166131597439758,1.6401106643989694,0.01299171235437739,0.7190562533298414,0.29684540245525337,-2.3534265289464926
Carmelo Anthony,F,6-7,1.1806490777395733,-2.059152093751511,-1.8161140137154286,-0.4305219511416607,0.41781371308679893,-1.441650774228629,1.142685474917069,0.5970520526980581,-0.22797175919417417,-2.6372102735899046
Rudy Gay,F,6-8,-0.38942875339053895,-2.2354327246287893,0.30563390598782364,-0.4305219511416607,0.41781371308679893,-1.4783384104027673,0.2904603557908282,0.47504785206627465,0.29684540245525337,-2.7479206101767772
Naz Reid,F,6-9,-0.5464365365035511,-2.940555248137901,0.05601650366979375,-1.3018572148068541,2.2538808951637366,1.1264837579610356,-0.8095046235465304,0.47504785206627465,-1.1026670286098865,-2.789591642743882
Paul Millsap,F,6-7,-2.273522150746674,-1.530310201119677,0.18082520482880926,0.4408133125235333,0.41781371308679893,-0.3043340528303472,-0.5023071968847456,0.5970520526980581,-0.05303270531103152,-3.0270020237552755
Derrick Favors,F-C,6-9,-5.099662246780876,-3.645677771647013,1.1792948141009278,-1.3018572148068541,1.8866674587483487,3.401117200757599,-0.36357287516652015,1.0850688552251915,-0.22797175919417417,-3.0865935387633714
Kentavious Caldwell-Pope,G,6-5,-1.7239949098511353,-1.3540295702423992,-2.3153488183514876,0.4408133125235333,-0.3166131597439758,0.13591758125931028,0.9048552091143968,0.47504785206627465,0.471784456338396,-3.281568046887087
Reggie Jackson,G,6-2,-0.9389559942860791,0.7613380002849368,-2.0657314160334583,-0.8661895829742574,-1.4182534689901383,0.3193557621300009,0.41928508310060786,0.3530436514344912,0.12190634857211112,-3.3142016167617854
Jarred Vanderbilt,F,6-8,-5.099662246780876,-2.587993986383345,1.553720917577972,0.8764809443561301,0.7850271495021863,2.3004881155334553,-2.1373902742781143,0.7190562533298414,0.12190634857211112,-3.4683667785706396
Raul Neto,G,6-1,-2.5090338254161915,-0.6489070467332875,-2.6897749218285325,1.3121485761887273,-1.4182534689901383,-0.23095878048207097,1.0634087196495114,0.7190562533298414,0.471784456338396,-3.9305300379437442
Tyus Jones,G,6-1,-4.393127222772326,1.8190217855486048,-3.189009726464592,0.4408133125235333,-1.4182534689901383,-2.21209113388553,1.350786957494407,0.8410604539616249,2.745992156819248,-4.014806885765168
Patrick Williams,F,6-7,-2.1165143676336635,-2.2354327246287893,0.05601650366979375,0.4408133125235333,0.41781371308679893,-0.4143969613527616,-0.46266881925096687,-0.012968950460858731,0.29684540245525337,-4.030492891591661
Jaxson Hayes,F,7-0,-3.4510805240942584,-3.645677771647013,-0.3184095998072506,-1.737524846639451,0.41781371308679893,3.3277419284093233,0.0030821179459327172,0.8410604539616249,0.471784456338396,-4.091210072445897
Shake Milton,G,6-5,0.8666335115135505,0.7613380002849368,-2.8145836229875476,-0.8661895829742574,-0.6838265961593634,-1.5517136827510434,0.5481098104103885,-0.2569773517244257,-0.22797175919417417,-4.225181273581936
Sterling Brown,G,6-5,-2.9015532831987194,-2.2354327246287893,-0.19360089864823507,-0.4305219511416607,-1.0510400325747509,1.4199848473541405,0.31027954460771756,0.7190562533298414,0.12190634857211112,-4.240921896328345
Josh Jackson,F-G,6-8,1.1806490777395733,-0.6489070467332875,-0.5680270021252806,0.4408133125235333,1.152240585917574,-2.652342767975187,-0.4527592248425222,-1.111006756146909,-1.6274841902593138,-4.28682401190182
Dwight Howard,C,6-10,-3.8435999818767863,-3.116835879015179,4.798747147712358,-1.737524846639451,1.5194540223329616,1.8602364814437982,-1.9689271693345558,-0.2569773517244257,-1.6274841902593138,-4.372911767360594
Patty Mills,G,6-2,-0.8604521027295724,-0.47262641585600934,-3.5634358299416364,-0.8661895829742574,-1.7854669054055257,-0.047520599611380346,1.3408773630859623,0.47504785206627465,1.3464797257541083,-4.4332864956120375
Lou Williams,G,6-2,-0.46793264494704434,1.2901798929167705,-3.064201025305577,-0.4305219511416607,-1.4182534689901383,-2.982531493542428,0.9147648035228414,-0.2569773517244257,1.8712968874035356,-4.544176351808127
Pat Connaughton,G,6-5,-4.000607764989797,-2.587993986383345,0.30563390598782364,-0.4305219511416607,-0.6838265961593634,0.7229197600455162,0.0030821179459327172,1.0850688552251915,0.9966016179878235,-4.589644041481877
Robin Lopez,C,7-1,-2.273522150746674,-3.2931165098924566,-0.9424531056023249,-2.608860110304645,0.41781371308679893,3.4378048369317376,-0.5122167912931902,0.3530436514344912,0.8216625641046809,-4.599843902281581
Cory Joseph,G,6-2,-2.9015532831987194,1.2901798929167705,-2.564966220669518,0.8764809443561301,-0.6838265961593634,-0.8546485954424191,0.4291946775090525,0.10903525017092448,-0.4029108130773168,-4.703014743594459
Khem Birch,C-F,6-9,-3.6865921987637753,-2.411713355506067,1.553720917577972,-0.4305219511416607,0.7850271495021863,-1.1481496848355242,-0.6905894906451944,0.8410604539616249,0.471784456338396,-4.715973703512043
Hamidou Diallo,G,6-5,-0.2324209702775283,-1.3540295702423992,0.8048687106238835,0.005145680690936561,0.050600276671411565,-1.441650774228629,-1.3347131271940968,-0.1349731510926422,-1.1026670286098865,-4.739839953658951
Cameron Johnson,F,6-8,-1.8024988014076406,-2.2354327246287893,-1.5664966113973993,-0.8661895829742574,-0.6838265961593634,-0.1575835081337947,0.716572915353948,0.8410604539616249,0.9966016179878235,-4.757792837397848
Desmond Bane,G,6-5,-2.1165143676336635,-1.7065908319969552,-1.8161140137154286,-0.8661895829742574,-1.0510400325747509,1.4933601197024169,0.40937548869216317,0.5970520526980581,0.29684540245525337,-4.759815765347164
Damion Lee,G,6-5,-4.236119439659315,-2.411713355506067,-1.6913053125564135,-0.4305219511416607,-1.4182534689901383,2.3004881155334553,1.3309677686775176,1.0850688552251915,0.6467235102215383,-4.824665278195889
Davis Bertans,F,6-10,-0.3109248618340337,-3.116835879015179,-2.0657314160334583,-0.8661895829742574,-1.0510400325747509,1.3099219388317263,0.9444935867481754,0.9630646545934082,-0.7527889208436013,-4.94603051310197
Isaiah Roby,F,6-8,-2.5090338254161915,-1.530310201119677,1.3041035152599423,0.4408133125235333,0.41781371308679893,-0.9280238677906953,-0.30411530871585213,-0.6229899536197756,-1.2776060824930293,-5.009348698284947
Marc Gasol,C,6-11,-5.413677813006899,-1.001468308487843,-0.5680270021252806,-1.3018572148068541,2.2538808951637366,1.3466095750058644,-0.5419455745185242,0.47504785206627465,-0.4029108130773168,-5.154348403786843
Luguentz Dort,G,6-3,1.6516724270786067,-1.7065908319969552,-1.1920705079203542,0.4408133125235333,-0.3166131597439758,-2.578967495626911,-0.30411530871585213,-0.1349731510926422,-1.1026670286098865,-5.2435117441044365
Kenrich Williams,G-F,6-6,-3.0585610663117304,-0.6489070467332875,-0.5680270021252806,0.005145680690936561,-0.6838265961593634,1.8602364814437982,-2.018475141376779,0.23103945080270796,-0.4029108130773168,-5.284286052846316
Jordan Poole,G,6-4,0.08159459594849443,-1.3540295702423992,-3.4386271287826222,-1.3018572148068541,-1.0510400325747509,-0.3777093251786235,1.0634087196495114,0.47504785206627465,0.471784456338396,-5.4314276475825745
Dwight Powell,F-C,6-10,-4.707142788998348,-2.764274617260623,-0.6928357032842949,-0.8661895829742574,0.050600276671411565,3.1443037475386326,0.07244927880504543,0.8410604539616249,-0.5778498669604587,-5.499878802501267
Facundo Campazzo,G,5-10,-4.550135005885338,1.6427411546713266,-3.064201025305577,1.7478162080213235,-1.0510400325747509,-1.5884013189251815,1.0336799364241775,0.3530436514344912,-0.05303270531103152,-5.5295291374505595
Xavier Tillman Sr.,F,6-8,-4.157615548102809,-2.411713355506067,-0.3184095998072506,-0.4305219511416607,0.41781371308679893,1.82354884526966,-1.3148939383772076,0.7190562533298414,-0.05303270531103152,-5.725768286559726
Cedi Osman,F,6-7,-1.174467668955595,0.4087767385303806,-1.4416879102383842,0.4408133125235333,-1.0510400325747509,-3.202657310587257,0.25082197815704954,-0.012968950460858731,-0.05303270531103152,-5.835442548916913
Luke Kennard,G,6-5,-2.823049391642213,-1.7065908319969552,-2.4401575195105027,-1.737524846639451,-1.4182534689901383,1.8969241176179361,0.6372961600863907,0.7190562533298414,0.9966016179878235,-5.875697909757268
Alex Len,C,7-0,-4.157615548102809,-3.2931165098924566,-0.5680270021252806,-2.173192478472048,1.8866674587483487,3.0709284751903563,-1.4437186656869883,0.5970520526980581,-0.05303270531103152,-6.134054922953851
Talen Horton-Tucker,G-F,6-4,-2.273522150746674,0.23249610765310247,-2.4401575195105027,0.8764809443561301,-0.6838265961593634,-1.8085271359700104,0.0030821179459327172,-0.2569773517244257,-0.05303270531103152,-6.403984289466843
Payton Pritchard,G,6-1,-3.294072740981247,-1.530310201119677,-2.6897749218285325,-0.8661895829742574,-1.4182534689901383,0.6128568515231059,1.1327758805086243,0.7190562533298414,0.6467235102215383,-6.68718842031074
Immanuel Quickley,G,6-3,-0.38942875339053895,-1.1777489393651213,-3.064201025305577,-1.3018572148068541,-1.0510400325747509,-1.7718394997958722,1.1525950693255136,0.5970520526980581,0.29684540245525337,-6.709622940759889
Theo Maledon,G,6-4,-1.4099793436251127,1.4664605237940487,-1.6913053125564135,0.4408133125235333,-1.0510400325747509,-3.3494078552838094,-0.26447693108207343,-0.9890025555151261,0.12190634857211112,-6.726031845747594
D.J. Augustin,G,5-11,-3.294072740981247,1.1138992620394923,-3.688244531100651,-1.3018572148068541,-1.7854669054055257,-1.111462048661386,1.2814197966352943,0.3530436514344912,1.6963578335203933,-6.736382897325992
Drew Eubanks,F,6-9,-4.785646680554853,-3.2931165098924566,-0.06879219748922066,-2.173192478472048,1.5194540223329616,0.943045577090345,-0.4824880080678562,0.7190562533298414,0.6467235102215383,-6.9749565115017464
JaMychal Green,F,6-8,-2.9800571747552245,-3.116835879015179,0.30563390598782364,-1.737524846639451,-0.3166131597439758,0.8329826685679306,0.3201891390161622,0.5970520526980581,-0.927727974726744,-7.022901268610599
Lonnie Walker IV,G,6-4,-0.5464365365035511,-1.7065908319969552,-2.4401575195105027,-1.3018572148068541,-0.6838265961593634,-1.5884013189251815,0.38955629987527385,0.3530436514344912,0.471784456338396,-7.052885610254248
Jordan McLaughlin,G,6-0,-5.413677813006899,1.9953024164258824,-3.064201025305577,0.8764809443561301,-1.4182534689901383,-2.358841678582082,-0.07619463732162465,0.47504785206627465,1.8712968874035356,-7.113040522954496
Willie Cauley-Stein,F-C,7-0,-5.1781661383373825,-3.469397140769735,-0.06879219748922066,-1.737524846639451,1.152240585917574,3.291054292235185,-1.453628260095433,1.0850688552251915,-0.7527889208436013,-7.1319337707968735
Furkan Korkmaz,G,6-7,-2.1950182591901686,-2.059152093751511,-3.064201025305577,0.4408133125235333,-1.0510400325747509,-0.9280238677906953,-0.42303044161718817,0.7190562533298414,1.3464797257541083,-7.214116428622409
Alex Caruso,G,6-5,-4.31462333121582,0.23249610765310247,-2.0657314160334583,1.3121485761887273,-0.6838265961593634,-0.7078980507458665,-1.2851651551518735,0.10903525017092448,0.12190634857211112,-7.281658266721517
Torrey Craig,G-F,6-7,-5.021158355224371,-2.940555248137901,-0.8176444044433099,-0.8661895829742574,0.050600276671411565,0.7596073962196543,-0.016737070870956626,1.0850688552251915,0.471784456338396,-7.295223677196143
Landry Shamet,G,6-4,-2.0380104760771567,-1.882871462874233,-3.4386271287826222,-1.3018572148068541,-1.0510400325747509,0.13591758125931028,0.7066633209455033,0.7190562533298414,0.8216625641046809,-7.329106595476279
Terance Mann,G-F,6-5,-3.8435999818767863,-1.882871462874233,-1.1920705079203542,-1.737524846639451,-1.0510400325747509,0.6495444876972399,0.5481098104103885,0.9630646545934082,0.12190634857211112,-7.424481530612429
Svi Mykhailiuk,G-F,6-7,-2.666041608529202,-1.7065908319969552,-2.564966220669518,0.005145680690936561,-1.0510400325747509,-1.111462048661386,-0.14556179818073736,0.10903525017092448,1.6963578335203933,-7.435123776230297
Kent Bazemore,G-F,6-4,-3.6865921987637753,-1.882871462874233,-1.4416879102383842,0.8764809443561301,0.050600276671411565,-0.010832963437242223,-0.819414217954975,0.23103945080270796,-0.7527889208436013,-7.436067002281962
Dean Wade,F,6-9,-4.628638897441842,-2.587993986383345,-1.4416879102383842,-0.8661895829742574,-0.6838265961593634,0.3927310344782772,-0.05637544850473532,1.0850688552251915,1.3464797257541083,-7.440432806244351
Garrett Temple,G,6-5,-3.3725766325377533,-0.8251876776105649,-2.0657314160334583,0.005145680690936561,0.050600276671411565,-1.5517136827510434,0.25082197815704954,0.47504785206627465,-0.5778498669604587,-7.611443488307607
Terence Davis,G,6-4,-2.5090338254161915,-2.2354327246287893,-2.564966220669518,-0.4305219511416607,-1.0510400325747509,-0.3777093251786235,0.4291946775090525,0.47504785206627465,0.6467235102215383,-7.617738039812667
Bryn Forbes,G,6-2,-1.488483235181618,-3.645677771647013,-3.688244531100651,-2.173192478472048,-1.7854669054055257,2.6673644772748366,-0.04646585409629064,0.9630646545934082,1.5214187796372507,-7.67568286439765
DeAndre' Bembry,F,6-5,-4.86415057211136,-1.001468308487843,-2.0657314160334583,0.8764809443561301,-0.3166131597439758,-0.047520599611380346,-0.9185101620394207,-0.012968950460858731,0.471784456338396,-7.878697767793772
Elfrid Payton,G,6-3,-1.4099793436251127,0.9376186311622149,-1.4416879102383842,-0.4305219511416607,-1.4182534689901383,-3.3127202191096714,-0.9185101620394207,-0.2569773517244257,0.29684540245525337,-7.954186373251345
Dario Saric,F-C,6-10,-2.5090338254161915,-2.411713355506067,-0.9424531056023249,-0.8661895829742574,-1.4182534689901383,-1.0747744124872478,0.7264825097623927,0.3530436514344912,0.12190634857211112,-8.020985241207232
Andre Iguodala,F-G,6-6,-5.884701162345932,-0.6489070467332875,-1.3168792090793693,0.4408133125235333,0.41781371308679893,-1.5150260465769054,-1.1563404278420928,0.3530436514344912,0.9966016179878235,-8.313581597544939
Derrick Jones Jr.,F,6-5,-4.000607764989797,-3.2931165098924566,-1.3168792090793693,-0.8661895829742574,1.5194540223329616,0.3193557621300009,-1.2554363719265396,0.9630646545934082,-0.4029108130773168,-8.333265812883367
Georges Niang,F,6-7,-3.922103873433292,-3.2931165098924566,-2.6897749218285325,-2.173192478472048,-1.4182534689901383,1.6401106643989694,1.806628300282861,0.8410604539616249,0.6467235102215383,-8.561918323751474
Bismack Biyombo,C-F,6-8,-5.413677813006899,-2.587993986383345,0.9296774117828979,-2.173192478472048,2.2538808951637366,1.5300477558765548,-3.237355253615472,0.3530436514344912,-0.22797175919417417,-8.573541576414259
Dwayne Bacon,G,6-6,-0.781948211173067,-2.411713355506067,-1.8161140137154286,-0.8661895829742574,-1.4182534689901383,-3.752971853199329,0.48865224395972057,0.9630646545934082,0.9966016179878235,-8.598871969017337
Onyeka Okongwu,F,6-8,-5.727693379232921,-3.9982390334015685,-1.5664966113973993,-1.3018572148068541,0.7850271495021863,3.621243017802428,-1.4139898824616544,0.9630646545934082,-0.05303270531103152,-8.691974004713405
Jaden McDaniels,F,6-9,-4.000607764989797,-2.764274617260623,-1.0672618067613393,-0.8661895829742574,1.8866674587483487,-0.010832963437242223,-1.7310969035318837,0.8410604539616249,-1.2776060824930293,-8.9901418087382
Edmond Sumner,G,6-4,-3.4510805240942584,-3.116835879015179,-3.4386271287826222,-0.8661895829742574,-1.0510400325747509,1.5300477558765548,0.4391042719174972,0.47504785206627465,0.471784456338396,-9.007788811242344
Kevon Looney,F-C,6-9,-6.120212837015449,-1.1777489393651213,0.9296774117828979,-2.173192478472048,-0.3166131597439758,0.4661063068265534,-1.2752555607434288,0.9630646545934082,-0.4029108130773168,-9.10708541521448
Anfernee Simons,G,6-3,-3.2155688494247414,-2.2354327246287893,-2.9393923241465623,-2.173192478472048,-1.4182534689901383,0.8696703047420687,0.3201891390161622,0.8410604539616249,0.8216625641046809,-9.129257383837743
Denzel Valentine,G,6-4,-4.236119439659315,-1.7065908319969552,-1.6913053125564135,-1.3018572148068541,-1.4182534689901383,-2.7990933126717397,1.6480747897477461,0.8410604539616249,1.5214187796372507,-9.142665557334794
Isaac Okoro,G-F,6-5,-1.8024988014076406,-1.3540295702423992,-1.8161140137154286,0.4408133125235333,-0.3166131597439758,-2.5422798594527727,-0.4824880080678562,0.10903525017092448,-1.452545136376171,-9.216719986311785
James Johnson,F,6-7,-3.6865921987637753,-1.3540295702423992,-1.3168792090793693,0.005145680690936561,1.152240585917574,-1.8819024083182865,-1.8103736587994412,0.3530436514344912,-0.7527889208436013,-9.29213604800387
Jeff Teague,G,6-3,-4.079111656546303,-0.47262641585600934,-3.688244531100651,-0.8661895829742574,-1.0510400325747509,-1.8085271359700104,0.7264825097623927,0.23103945080270796,1.6963578335203933,-9.311859560936487
Tyrese Maxey,G,6-2,-3.0585610663117304,-1.1777489393651213,-3.5634358299416364,-1.737524846639451,-1.0510400325747509,-1.735151863621734,0.9544031811566202,0.8410604539616249,1.1715406718709658,-9.356458271465213
Yuta Watanabe,F,6-9,-5.884701162345932,-3.2931165098924566,-1.6913053125564135,-1.3018572148068541,-0.3166131597439758,-0.23095878048207097,0.5282906215934993,1.2070730558569749,1.5214187796372507,-9.46176968273998
Saben Lee,G,6-2,-4.942654463667865,1.6427411546713266,-3.189009726464592,-0.4305219511416607,-0.6838265961593634,-2.028652953014839,-0.8887813788140867,0.3530436514344912,0.6467235102215383,-9.520938752935052
PJ Dozier,G,6-6,-3.294072740981247,-1.530310201119677,-1.1920705079203542,-0.8661895829742574,-0.3166131597439758,-2.285466406233806,-1.3743515048278756,0.5970520526980581,0.471784456338396,-9.790237594764738
Matisse Thybulle,G,6-5,-6.2772206201284595,-2.940555248137901,-3.313818427623607,3.4904867353517117,2.2538808951637366,-1.3682755018803527,-3.276993631249251,1.0850688552251915,-0.05303270531103152,-10.400459648589964
Devin Vassell,G-F,6-5,-5.021158355224371,-3.116835879015179,-2.190540117192473,-0.4305219511416607,-0.6838265961593634,-1.9552776806665628,0.6769345377201693,1.2070730558569749,0.9966016179878235,-10.51755136783464
Juancho Hernangomez,F,6-9,-3.6865921987637753,-3.469397140769735,-0.8176444044433099,-1.737524846639451,-1.4182534689901383,-0.6712104145717285,-1.542814609771435,1.0850688552251915,1.6963578335203933,-10.562010395203988
Trey Burke,G,6-0,-4.157615548102809,-2.411713355506067,-4.5619054392137555,-0.8661895829742574,-1.4182534689901383,-1.2949002295320766,1.1922334469592923,1.0850688552251915,1.6963578335203933,-10.736917488614228
Marcus Morris,F,6-8,-4.079111656546303,-2.587993986383345,-0.19360089864823507,-1.737524846639451,-0.6838265961593634,-1.991965316840701,-0.5419455745185242,0.5970520526980581,0.471784456338396,-10.74713236669947
Deni Avdija,G-F,6-9,-4.393127222772326,-2.587993986383345,0.43044260714683913,-0.8661895829742574,-0.6838265961593634,-1.5884013189251815,-1.2950747495603183,0.9630646545934082,-1.1026670286098865,-11.123773223644429
R.J. Hampton,G,6-4,-3.922103873433292,-1.7065908319969552,-1.3168792090793693,-1.737524846639451,-1.0510400325747509,-2.468904587104497,-1.0275157005323121,0.47504785206627465,1.3464797257541083,-11.409031503540243
Aaron Holiday,G,6-0,-3.6865921987637753,-1.3540295702423992,-4.062670634577696,-0.4305219511416607,-1.0510400325747509,-2.872468585020014,0.4391042719174972,0.47504785206627465,0.9966016179878235,-11.5465692303487
Garrison Mathews,G,6-5,-5.021158355224371,-3.9982390334015685,-3.937861933418681,-1.3018572148068541,-1.4182534689901383,0.9063579409162068,1.083227908466401,1.4510814571205417,0.471784456338396,-11.764918243000066
Kira Lewis Jr.,G,6-1,-4.31462333121582,-0.6489070467332875,-4.062670634577696,-0.4305219511416607,-1.0510400325747509,-3.6795965808510527,0.6769345377201693,0.9630646545934082,0.6467235102215383,-11.900636874559153
Aron Baynes,C,6-10,-4.550135005885338,-3.116835879015179,0.8048687106238835,-2.173192478472048,-0.3166131597439758,-2.21209113388553,-0.670770301828305,0.5970520526980581,-0.4029108130773168,-12.040628008585752
Stanley Johnson,F,6-6,-5.884701162345932,-2.059152093751511,-2.564966220669518,0.4408133125235333,-0.6838265961593634,-2.4322169509303584,0.25082197815704954,0.5970520526980581,0.12190634857211112,-12.214269331905932
Brad Wanamaker,G,6-3,-5.021158355224371,0.4087767385303806,-3.5634358299416364,-0.4305219511416607,-1.0510400325747509,-4.926976210771749,1.1525950693255136,0.23103945080270796,0.8216625641046809,-12.379058556890882
Nassir Little,F,6-5,-5.727693379232921,-3.8219584025242908,-2.3153488183514876,-3.044527742137242,-0.6838265961593634,0.20929285360758654,0.25082197815704954,1.2070730558569749,1.5214187796372507,-12.404748271146444
Josh Okogie,G,6-4,-5.099662246780876,-2.764274617260623,-2.4401575195105027,0.4408133125235333,0.050600276671411565,-3.1659696744131187,-0.05637544850473532,0.8410604539616249,-0.22797175919417417,-12.421937222507461
P.J. Tucker,F,6-5,-6.434228403241472,-2.587993986383345,-0.8176444044433099,0.005145680690936561,-0.3166131597439758,-2.1754034977113914,-0.24465774226518408,0.7190562533298414,-0.7527889208436013,-12.605128180611503
Wesley Matthews,G,6-5,-5.57068559611991,-3.116835879015179,-3.688244531100651,-0.4305219511416607,-0.6838265961593634,-2.2487787700596678,0.7859400762130607,1.2070730558569749,0.9966016179878235,-12.749278573538572
Mychal Mulder,G-F,6-3,-4.942654463667865,-3.9982390334015685,-4.43709673805474,-2.608860110304645,-1.0510400325747509,2.3371757517075937,-1.3743515048278756,1.3290772564887583,1.8712968874035356,-12.874691987231557
Obi Toppin,F,6-9,-6.120212837015449,-3.8219584025242908,-2.9393923241465623,-2.173192478472048,-1.0510400325747509,0.5394815791748296,-0.43294003602563286,1.2070730558569749,1.8712968874035356,-12.920884588323393
Cody Martin,G-F,6-5,-6.198716728571955,-1.7065908319969552,-1.8161140137154286,-0.4305219511416607,-1.0510400325747509,-2.2487787700596678,-1.9193791972923326,0.7190562533298414,1.6963578335203933,-12.955727438502516
Timothe Luwawu-Cabarrot,F,6-7,-4.31462333121582,-2.587993986383345,-2.9393923241465623,-0.8661895829742574,-1.4182534689901383,-2.7257180403234633,0.38955629987527385,0.8410604539616249,0.471784456338396,-13.149769523858295
Solomon Hill,F,6-6,-5.806197270789427,-2.764274617260623,-1.9409227148744435,-0.4305219511416607,-1.0510400325747509,-2.652342767975187,-0.1356522037722927,0.9630646545934082,0.6467235102215383,-13.171163393573439
Semi Ojeleye,F,6-6,-5.727693379232921,-3.469397140769735,-2.4401575195105027,-2.173192478472048,-1.7854669054055257,-0.4143969613527616,-0.24465774226518408,1.2070730558569749,1.6963578335203933,-13.35153123763131
Ben McLemore,G,6-3,-3.294072740981247,-3.469397140769735,-3.313818427623607,-1.737524846639451,-1.0510400325747509,-1.5517136827510434,-0.38339206398340947,0.7190562533298414,0.471784456338396,-13.610118225655006
Jevon Carter,G,6-1,-6.120212837015449,-2.587993986383345,-3.8130532322596657,-1.3018572148068541,-1.0510400325747509,0.06254230891103403,-2.018475141376779,1.3290772564887583,1.8712968874035356,-13.629715991613516
Precious Achiuwa,F,6-8,-5.413677813006899,-3.8219584025242908,-1.4416879102383842,-2.173192478472048,0.050600276671411565,-0.047520599611380346,-2.6328699947003478,0.8410604539616249,0.8216625641046809,-13.817583903815633
Caleb Martin,F,6-5,-5.413677813006899,-2.411713355506067,-2.3153488183514876,-0.4305219511416607,-1.0510400325747509,-4.009785306418296,-1.3248035327856522,0.9630646545934082,1.3464797257541083,-14.647346429437297
Mike Scott,F,6-7,-6.041708945458943,-3.2931165098924566,-2.6897749218285325,-1.3018572148068541,-0.6838265961593634,-2.1754034977113914,-1.0671540781660906,1.2070730558569749,0.9966016179878235,-15.04916709017884
Grant Williams,F,6-6,-5.649189487676415,-2.940555248137901,-2.190540117192473,-1.3018572148068541,-0.3166131597439758,-0.4143969613527616,-1.8500120364332198,0.5970520526980581,-1.1026670286098865,-15.168779201255429
Gabe Vincent,G,6-3,-5.57068559611991,-2.411713355506067,-4.312288036895725,-1.737524846639451,-1.7854669054055257,-2.5422798594527727,0.9444935867481754,0.8410604539616249,0.6467235102215383,-15.927681049088115
Rodney Hood,G-F,6-8,-5.806197270789427,-2.940555248137901,-3.313818427623607,-1.737524846639451,-1.4182534689901383,-4.339974031985538,0.8156688594383947,0.8410604539616249,1.1715406718709658,-16.728053308895078
Miye Oni,G,6-5,-7.847298451258572,-3.8219584025242908,-3.688244531100651,-2.608860110304645,-1.4182534689901383,-1.4783384104027673,0.5778385936357225,1.3290772564887583,1.5214187796372507,-17.43461874481933
Sekou Doumbouya,F,6-8,-5.3351739214503935,-3.2931165098924566,-2.4401575195105027,-1.737524846639451,-1.0510400325747509,-4.376661668159677,-0.7104086794620836,0.7190562533298414,0.471784456338396,-17.753242468021075
Thanasis Antetokounmpo,F,6-7,-7.062259535693515,-3.2931165098924566,-2.9393923241465623,-1.737524846639451,-1.0510400325747509,-1.111462048661386,-2.622960400291903,0.7190562533298414,1.1715406718709658,-17.92715877269922
